traffic_speed,day,week_day,time

 27.8657937778,60,wednesday,18.0

 27.0809142222,60,wednesday,18.15

 29.1374726667,60,wednesday,18.30

 31.9577855556,60,wednesday,18.45


